{"cameraMode":{"drawMode":0,"name":"Shaded","section":"Shading Mode"},"sceneLighting":true,"audioPlay":false,"sceneViewState":{"m_AlwaysRefresh":false,"showFog":true,"showSkybox":true,"showFlares":true,"showImageEffects":true,"showParticleSystems":true,"showVisualEffectGraphs":true,"m_FxEnabled":true},"in2DMode":false,"pivot":{"x":7.335702896118164,"y":0.2819528579711914,"z":14.972415924072266},"rotation":{"x":-0.13881325721740724,"y":0.7342358231544495,"z":-0.15788473188877107,"w":-0.6455320715904236},"size":10.242091178894043,"orthographic":false}